<?xml version="1.0" encoding="UTF-8"?>
<project-private xmlns="http://www.netbeans.org/ns/project-private/1">
    <editor-bookmarks xmlns="http://www.netbeans.org/ns/editor-bookmarks/2" lastBookmarkId="0"/>
    <open-files xmlns="http://www.netbeans.org/ns/projectui-open-files/2">
        <group>
            <file>file:/Users/kishanmadhu/Desktop/Java_Assignment/CarPlatform/src/java/ejb/OldCarEJB.java</file>
            <file>file:/Users/kishanmadhu/Desktop/Java_Assignment/CarPlatform/src/java/ejb/CustomerOrdersEJB.java</file>
            <file>file:/Users/kishanmadhu/Desktop/Java_Assignment/CarPlatform/src/java/ejb/NewCarEJB.java</file>
            <file>file:/Users/kishanmadhu/Desktop/Java_Assignment/CarPlatform/src/java/controller/NewCarController.java</file>
            <file>file:/Users/kishanmadhu/Desktop/Java_Assignment/CarPlatform/src/java/ejb/CustomerEJB.java</file>
        </group>
    </open-files>
</project-private>
